id	name	class	increase	decrease	core_to_inter	core_to_rare	core_to_absent	inter_to_core	inter_to_rare	inter_to_absent	rare_to_core	rare_to_inter	rare_to_absent	absent_to_rare	absent_to_inter	absent_to_core
1	22	Intermediate and rare	841.690000000003	431.069999999997	0	0	1	802	0	865	490	0	581	0	0	0
2	39	Intermediate and rare	360.120000000001	607.499999999993	0	0	7	506	0	1161	134	0	937	0	0	0
3	14	Intermediate and rare	536.59	271.28	0	0	1	814	0	540	180	0	482	0	0	0
4	6	Intermediate and rare	847.049999999998	176.74	0	0	0	995	0	359	403	0	259	0	0	0
5	5	Intermediate and rare	1067.38	177.56	0	0	0	1275	0	385	419	0	259	0	0	0
6	48	Intermediate and rare	405.26	576.44	0	0	0	455	0	1205	178	0	500	0	0	0
7	15	Intermediate and rare	1056.53	479.089999999998	0	0	13	646	0	914	649	0	618	0	0	89
8	26	Intermediate and rare	817.790000000001	383.719999999999	0	0	11	708	0	742	183	0	229	0	0	290
9	32	Intermediate and rare	502.170000000001	510.419999999998	0	0	3	462	0	1005	295	0	440	0	0	0
10	42	Intermediate and rare	278.56	641.809999999998	0	0	31	282	0	1185	148	0	587	0	0	0
11	24	Intermediate and rare	655.210000000001	429.199999999997	0	0	2	611	0	833	237	0	587	0	0	133
12	36	Intermediate and rare	338.249999999999	587.199999999994	0	0	17	626	0	1110	142	0	835	0	0	0
13	8	Intermediate and rare	751.190000000004	429.139999999998	0	0	1	883	0	853	440	0	537	0	0	0
14	34	Intermediate and rare	740.600000000004	419.929999999996	0	0	8	702	0	792	400	0	810	0	0	0
15	9	Intermediate and rare	847.360000000005	500.689999999996	0	0	9	525	0	969	573	0	637	0	0	31
16	40	Intermediate and rare	906.060000000004	443.389999999999	0	0	6	747	0	860	400	0	488	0	0	129
17	30	Intermediate and rare	272.43	735.249999999991	0	0	25	325	0	1427	115	0	1034	0	0	0
18	45	Intermediate and rare	295.850000000002	652.669999999994	0	0	0	418	0	1334	103	0	1046	0	0	0
19	12	Intermediate and rare	1425.37000000001	69.2600000000003	0	0	0	1079	0	130	809	0	355	0	0	173
20	28	Intermediate and rare	362.99	580.879999999994	0	0	21	207	0	1002	196	0	968	0	0	105
21	35	Intermediate and rare	286.09	539.259999999996	0	0	2	468	0	1026	103	0	716	0	0	0
22	23	Intermediate and rare	584.090000000002	541.149999999994	0	0	0	671	0	1086	246	0	898	0	0	0
23	10	Intermediate and rare	793.330000000002	484.479999999993	0	0	0	1173	0	1019	215	0	1388	0	0	0
24	16	Intermediate and rare	334.56	779.169999999998	0	0	0	424	0	1772	139	0	306	0	0	0
25	1	Intermediate and rare	1197.1	193.710000000001	0	0	0	1769	0	427	242	0	203	0	0	0
26	46	Intermediate and rare	439.039999999998	562.809999999998	0	0	0	616	0	1186	114	0	239	0	0	0
27	37	Intermediate and rare	492.849999999999	449.620000000001	0	0	0	832	0	970	65	0	288	0	0	0
28	7	Intermediate and rare	1428.66	180.58	0	0	0	1924	0	356	494	0	630	0	0	0
29	19	Intermediate and rare	768.090000000002	383.179999999996	0	0	0	1342	0	808	150	0	1015	0	0	0
30	51	Intermediate and rare	140.72	993.809999999988	0	0	6	216	0	1934	44	0	1121	0	0	0
31	17	Intermediate and rare	869.410000000002	424.719999999998	0	0	4	1116	0	857	374	0	434	0	0	0
32	41	Intermediate and rare	371.07	742.379999999995	0	0	3	546	0	1427	127	0	681	0	0	0
33	11	Intermediate and rare	962.210000000001	375.289999999998	0	0	3	1192	0	735	282	0	365	0	0	108
34	25	Intermediate and rare	790.780000000002	558.579999999995	0	0	4	880	0	1099	362	0	481	0	0	24
35	18	Intermediate and rare	374.320000000001	849.119999999995	0	0	51	439	0	1540	124	0	719	0	0	43
36	4	Intermediate and rare	1562.60000000001	152.54	0	0	2	1689	0	309	849	0	341	0	0	0
37	29	Intermediate and rare	577.810000000001	510.749999999997	0	0	9	1044	0	954	158	0	1032	0	0	0
38	3	Intermediate and rare	1374.92000000001	160.15	0	0	1	1747	0	309	639	0	391	0	0	0
39	13	Intermediate and rare	789.97	402.199999999997	0	0	1	1281	0	775	278	0	752	0	0	0
40	27	Intermediate and rare	357.370000000001	870.749999999997	0	0	31	393	0	1610	123	0	560	0	0	41
41	47	Intermediate and rare	401.17	674.599999999997	0	0	2	714	0	1376	87	0	803	0	0	0
42	2	Intermediate and rare	1289.98	133.11	0	0	0	1573	0	275	507	0	250	0	0	0
43	20	Intermediate and rare	440.369999999998	567.499999999996	0	0	0	690	0	1158	106	0	651	0	0	0
44	44	Intermediate and rare	676.440000000001	665.379999999994	0	0	1	762	0	1410	326	0	959	0	0	0
45	33	Intermediate and rare	329.069999999999	399.999999999999	0	0	0	633	0	855	36	0	264	0	0	0
46	38	Intermediate and rare	285.69	536.620000000001	0	0	0	412	0	1076	77	0	223	0	0	0
47	31	Intermediate and rare	649.170000000001	523.579999999995	0	0	0	1109	0	1102	129	0	1176	0	0	0
48	48	Intermediate and rare	0	0	0	0	0	0	0	0	0	0	0	0	0	0
49	49	Intermediate and rare	1.85	15.83	0	0	0	1	25	0	0	2	154	0	0	0
50	50	Intermediate and rare	38.4799999999999	148.22	0	0	0	7	303	0	0	81	254	135	0	0
51	51	Intermediate and rare	9.69999999999997	104.83	5	0	0	4	272	0	0	3	793	80	0	0
52	52	Intermediate and rare	6.97000000000001	34.2899999999999	4	0	0	2	65	0	0	9	300	36	0	0
53	53	Intermediate and rare	31.0300000000001	19.42	2	0	0	19	44	0	0	35	207	235	0	0
54	54	Intermediate and rare	37.3300000000001	29.3100000000002	3	0	0	15	86	1	0	51	369	99	0	0
55	55	Intermediate and rare	90.2200000000006	13.19	13	0	0	13	3	0	0	111	12	538	0	0
56	56	Intermediate and rare	28.28	16.51	0	0	0	33	16	0	0	30	115	146	0	0
57	57	Intermediate and rare	498.450000000001	45.8799999999999	6	0	0	242	79	2	253	110	233	509	21	18
58	58	Intermediate and rare	7.23	33.4699999999999	1	0	0	13	59	5	0	13	273	37	0	0
59	59	Intermediate and rare	47.0099999999994	2.33	5	0	0	0	2	0	0	79	2	866	1	0
60	60	Intermediate and rare	357.63	64.0099999999995	29	0	0	170	81	17	140	339	712	521	0	2
61	61	Intermediate and rare	3.09	18.6400000000001	2	0	0	4	27	0	0	4	163	34	0	0
62	62	Intermediate and rare	7.36999999999999	12.77	17	0	0	1	24	0	1	6	54	75	0	0
63	63	Intermediate and rare	7.60999999999999	15.39	7	0	0	4	26	0	0	5	122	87	0	0
64	64	Intermediate and rare	21.8700000000001	22.7700000000001	34	0	0	1	16	0	0	18	36	375	0	1
65	65	Intermediate and rare	29.7800000000001	3.93999999999999	6	0	0	10	2	0	0	18	17	459	0	0
66	66	Intermediate and rare	268.169999999999	20.2100000000001	20	1	0	19	14	0	3	305	93	539	0	0
67	67	Intermediate and rare	34.65	6.65000000000001	21	0	0	2	12	0	0	33	5	862	2	0
68	68	Intermediate and rare	70.6600000000004	18.56	13	0	0	0	12	0	0	118	22	426	0	0
69	69	Intermediate and rare	68.1999999999999	26.18	0	0	0	6	56	0	0	132	76	237	0	0
70	70	Intermediate and rare	177.53	163.420000000001	2	0	0	64	172	153	4	124	579	210	0	0
71	71	Intermediate and rare	126.46	38.7399999999999	1	0	0	192	98	14	14	18	138	417	0	0
72	72	Intermediate and rare	155.950000000001	17.97	9	0	0	0	52	0	0	280	8	336	0	0
73	73	Intermediate and rare	289.670000000001	133.210000000001	14	0	0	185	64	172	57	411	973	219	0	0
74	74	Intermediate and rare	90.3800000000002	30.5300000000001	1	0	0	7	39	0	0	140	215	253	0	0
75	75	Intermediate and rare	175.210000000001	191.2	3	0	0	218	174	256	18	168	1040	68	0	0
76	76	Intermediate and rare	128.11	36.9500000000001	1	0	0	24	110	0	1	134	359	171	0	0
77	77	Intermediate and rare	20.66	98.4899999999994	24	0	0	9	185	0	0	40	154	50	0	0
78	78	Intermediate and rare	34.2200000000001	15.4999999999999	3	0	0	9	12	0	0	29	116	56	0	0
79	79	Intermediate and rare	124.030000000001	110.15	6	0	0	37	252	4	2	140	686	142	0	0
80	80	Intermediate and rare	50.3899999999999	48.5	0	0	0	20	105	0	0	56	437	51	0	0
81	81	Intermediate and rare	126.16	15.8299999999999	0	0	0	135	23	4	4	63	249	58	0	0
82	82	Intermediate and rare	43.6099999999998	12.24	8	0	0	58	9	0	0	57	22	269	25	0
83	83	Intermediate and rare	56.6500000000003	40.4199999999999	57	0	0	23	45	0	1	57	195	369	0	0
84	84	Intermediate and rare	30.67	2.86	0	0	0	13	7	0	0	40	25	122	0	0
85	85	Intermediate and rare	16.97	21.3799999999999	28	0	0	6	18	0	0	26	57	106	0	1
86	86	Intermediate and rare	17.2600000000001	80.5699999999999	52	0	0	1	45	0	0	18	44	307	1	0
87	87	Intermediate and rare	174.360000000001	20.53	14	0	0	84	35	0	0	138	19	759	11	0
88	88	Intermediate and rare	235.08	5.36999999999999	18	0	0	103	3	0	0	166	11	692	54	0
89	89	Intermediate and rare	108.26	67.3200000000003	4	0	0	29	88	0	1	131	229	143	0	0
90	90	Intermediate and rare	298.529999999998	60.83	6	0	0	306	89	1	87	148	253	266	0	0
91	91	Intermediate and rare	58.59	41.2599999999999	1	0	0	19	96	0	0	67	303	105	0	0
92	92	Intermediate and rare	74.7399999999998	40.27	4	0	0	2	49	0	0	86	55	112	0	0
93	93	Intermediate and rare	185.450000000001	270.929999999999	6	0	0	276	187	379	17	113	1128	66	0	0
1	22	Multi-cluster rare	806.130000000006	136.65	0	0	0	263	0	247	698	0	524	0	0	0
2	39	Multi-cluster rare	311.29	221.809999999999	0	0	1	110	0	400	272	0	950	0	0	0
3	14	Multi-cluster rare	873.020000000004	139.86	0	0	0	315	0	267	759	0	897	0	0	0
4	6	Multi-cluster rare	1007.96	167.800000000001	0	0	0	297	0	285	884	0	772	0	0	0
5	5	Multi-cluster rare	2101.45000000002	37.5000000000001	0	0	0	890	0	60	1626	0	242	0	0	0
6	48	Multi-cluster rare	234.26	418.309999999994	0	0	0	48	0	902	220	0	1648	0	0	0
7	15	Multi-cluster rare	927.870000000005	82.1200000000005	0	0	0	434	0	148	548	0	527	0	0	162
8	26	Multi-cluster rare	652.660000000001	141.24	0	0	1	198	0	277	138	0	108	0	0	418
9	32	Multi-cluster rare	278.640000000001	189.049999999999	0	0	1	88	0	373	240	0	423	0	0	0
10	42	Multi-cluster rare	274.590000000001	191	0	0	2	89	0	372	234	0	429	0	0	0
11	24	Multi-cluster rare	429.250000000001	166.03	0	0	2	183	0	319	160	0	403	0	0	185
12	36	Multi-cluster rare	246.970000000001	215.03	0	0	1	266	0	398	177	0	1113	0	0	0
13	8	Multi-cluster rare	1131.82000000001	107.880000000001	0	0	0	455	0	209	979	0	311	0	0	0
14	34	Multi-cluster rare	684.260000000004	169.740000000001	0	0	3	194	0	310	604	0	803	0	0	0
15	9	Multi-cluster rare	1060.75000000001	115.230000000001	0	0	1	300	0	204	716	0	691	0	0	211
16	40	Multi-cluster rare	1044.03	186.08	0	0	0	117	0	362	572	0	329	0	0	423
17	30	Multi-cluster rare	79.06	247.749999999999	0	0	0	11	0	470	75	0	983	0	0	0
18	45	Multi-cluster rare	139.59	215.279999999999	0	0	0	75	0	406	104	0	954	0	0	0
19	12	Multi-cluster rare	1346.21000000001	72.8300000000001	0	0	3	250	0	122	666	0	344	0	0	612
20	28	Multi-cluster rare	587.220000000001	112.840000000001	0	0	1	198	0	174	259	0	751	0	0	270
21	35	Multi-cluster rare	161.16	204.99	0	0	0	150	0	385	93	0	439	0	0	0
22	23	Multi-cluster rare	604.340000000001	151.44	0	0	0	321	0	291	456	0	744	0	0	0
23	10	Multi-cluster rare	805.039999999998	212.91	0	0	0	936	0	383	286	0	1763	0	0	0
24	16	Multi-cluster rare	220.759999999999	827.619999999958	0	0	0	78	0	1864	192	0	1911	0	0	0
25	1	Multi-cluster rare	2938.84999999996	41.7099999999997	0	0	0	1867	0	75	1907	0	196	0	0	0
26	46	Multi-cluster rare	342.429999999999	256.739999999999	0	0	0	271	0	551	186	0	324	0	0	0
27	37	Multi-cluster rare	454.310000000001	194.62	0	0	0	378	0	444	253	0	257	0	0	0
28	7	Multi-cluster rare	1718.64000000002	120.010000000001	0	0	0	805	0	214	1346	0	796	0	0	0
29	19	Multi-cluster rare	768.080000000005	187.400000000001	0	0	0	598	0	346	490	0	1211	0	0	0
30	51	Multi-cluster rare	29.65	492.969999999991	0	0	0	20	0	924	24	0	1677	0	0	0
31	17	Multi-cluster rare	593.090000000004	237.04	0	0	0	219	0	534	485	0	509	0	0	0
32	41	Multi-cluster rare	315.79	236.74	0	0	2	274	0	479	155	0	839	0	0	0
33	11	Multi-cluster rare	1242.44	177.07	0	0	0	448	0	343	330	0	293	0	0	625
34	25	Multi-cluster rare	856.810000000006	222.589999999999	0	0	4	276	0	442	540	0	644	0	0	178
35	18	Multi-cluster rare	600.070000000002	224.849999999999	0	0	5	268	0	450	381	0	803	0	0	87
36	4	Multi-cluster rare	2535.54999999996	66.1099999999998	0	0	2	694	0	112	2265	0	487	0	0	0
37	29	Multi-cluster rare	441.790000000002	281.349999999989	0	0	7	326	0	480	329	0	2423	0	0	0
38	3	Multi-cluster rare	2398.79999999998	68.2699999999994	0	0	0	1063	0	122	2097	0	712	0	0	0
39	13	Multi-cluster rare	812.700000000008	202.169999999994	0	0	0	860	0	325	580	0	2229	0	0	0
40	27	Multi-cluster rare	234.57	256.119999999999	0	0	0	50	0	483	88	0	674	0	0	121
41	47	Multi-cluster rare	263.619999999999	262.799999999998	0	0	0	230	0	490	168	0	1284	0	0	0
42	2	Multi-cluster rare	2376.55000000003	97.7200000000002	0	0	0	593	0	170	2151	0	354	0	0	0
43	20	Multi-cluster rare	366.06	407.229999999979	0	0	0	92	0	671	332	0	2173	0	0	0
44	44	Multi-cluster rare	311.110000000001	285.209999999998	0	0	0	128	0	558	240	0	1286	0	0	0
45	33	Multi-cluster rare	369.950000000002	163.81	0	0	0	412	0	373	141	0	238	0	0	0
46	38	Multi-cluster rare	294.76	244.62	0	0	0	227	0	558	170	0	209	0	0	0
47	31	Multi-cluster rare	378.970000000001	257.679999999998	0	0	0	269	0	515	235	0	1324	0	0	0
48	48	Multi-cluster rare	0	0	0	0	0	0	0	0	0	0	0	0	0	0
49	49	Multi-cluster rare	1.89	8.81999999999996	0	0	0	0	7	0	0	4	200	0	0	0
50	50	Multi-cluster rare	52.0900000000003	48.0200000000001	0	0	0	0	123	0	0	139	366	344	0	0
51	51	Multi-cluster rare	2.18	91.5900000000003	0	0	0	1	209	0	0	1	979	54	0	0
52	52	Multi-cluster rare	1.47	27.45	1	0	0	0	61	0	0	1	480	37	0	0
53	53	Multi-cluster rare	17.46	6.65999999999997	0	0	0	2	10	0	0	14	136	396	0	0
54	54	Multi-cluster rare	10.76	12.9699999999999	0	0	0	2	15	0	0	16	466	125	0	0
55	55	Multi-cluster rare	43.7400000000003	3.06	2	0	0	1	4	0	0	33	15	707	2	0
56	56	Multi-cluster rare	18.82	4	0	0	0	4	3	0	0	26	99	184	0	0
57	57	Multi-cluster rare	515.049999999994	14.87	2	0	0	67	13	9	269	168	102	1561	4	86
58	58	Multi-cluster rare	11.88	12.82	0	0	0	7	9	0	1	9	353	49	0	0
59	59	Multi-cluster rare	47.7500000000001	0.22	0	0	0	1	0	0	0	93	2	854	0	0
60	60	Multi-cluster rare	290.750000000001	22.9500000000001	8	0	0	54	22	9	60	443	476	1750	2	8
61	61	Multi-cluster rare	2.33	7.21999999999998	1	0	0	2	9	0	0	3	113	37	0	0
62	62	Multi-cluster rare	3.47	7.72	2	0	0	2	11	0	0	3	73	65	0	0
63	63	Multi-cluster rare	2.84	8.10999999999999	3	0	0	1	7	0	0	2	92	77	0	0
64	64	Multi-cluster rare	11.1399999999999	19.04	8	0	0	0	20	0	0	1	51	459	0	1
65	65	Multi-cluster rare	29.4400000000001	1.97	1	0	0	4	3	0	0	36	11	371	0	0
66	66	Multi-cluster rare	185.690000000001	3.41	2	0	0	18	5	0	19	183	44	968	0	0
67	67	Multi-cluster rare	35.6800000000004	1.03	1	0	0	1	1	0	0	20	6	1186	2	0
68	68	Multi-cluster rare	14.4999999999999	5.05999999999999	0	0	0	0	6	0	0	10	20	437	0	0
69	69	Multi-cluster rare	66.1500000000003	9.27999999999998	0	0	0	2	18	0	1	93	95	343	3	0
70	70	Multi-cluster rare	86.7200000000002	103.99	0	0	0	15	109	43	5	90	823	141	0	0
71	71	Multi-cluster rare	94.3900000000003	27.6000000000001	1	0	0	80	36	54	23	6	102	573	0	0
72	72	Multi-cluster rare	275.479999999999	1.25	0	0	0	1	2	0	4	577	2	885	0	0
73	73	Multi-cluster rare	459.250000000023	38.26	0	0	0	61	4	37	113	725	624	1512	0	0
74	74	Multi-cluster rare	86.9600000000001	17.4199999999999	0	0	0	0	35	0	0	178	262	529	0	0
75	75	Multi-cluster rare	125.25	118.050000000001	0	0	0	41	71	159	21	221	1483	257	0	0
76	76	Multi-cluster rare	150.55	19.29	0	0	0	0	29	0	5	176	412	799	0	0
77	77	Multi-cluster rare	32.0899999999999	69.1399999999995	0	0	0	8	125	0	0	58	750	242	0	0
78	78	Multi-cluster rare	8.34999999999999	18.74	0	0	0	0	44	0	0	13	181	53	0	0
79	79	Multi-cluster rare	41.61	82.6299999999996	0	0	0	0	169	2	0	65	881	279	0	0
80	80	Multi-cluster rare	11.53	42.0699999999999	0	0	0	1	88	0	0	27	741	57	0	0
81	81	Multi-cluster rare	47.2700000000001	8.99999999999996	0	0	0	20	5	1	1	142	236	93	0	0
82	82	Multi-cluster rare	42.4100000000001	4.59999999999999	2	0	0	0	6	0	0	114	37	287	32	0
83	83	Multi-cluster rare	49.75	34.4300000000002	5	0	0	8	104	0	2	69	255	593	0	0
84	84	Multi-cluster rare	34.1000000000001	1.75	0	0	0	4	0	0	1	68	50	165	1	0
85	85	Multi-cluster rare	18.01	8.77	2	0	0	3	10	0	0	13	68	295	6	0
86	86	Multi-cluster rare	26.0700000000003	10.7	7	0	0	0	19	0	0	7	63	484	1	0
87	87	Multi-cluster rare	164.21	11.06	5	0	0	4	57	0	0	101	37	2082	39	0
88	88	Multi-cluster rare	508.549999999985	1.25	1	0	0	4	1	0	0	190	9	2480	285	0
89	89	Multi-cluster rare	104.9	12.81	0	0	0	6	7	0	1	138	265	464	0	0
90	90	Multi-cluster rare	370.390000000001	15.3999999999999	0	0	0	79	8	0	208	130	275	1658	0	0
91	91	Multi-cluster rare	24.8400000000001	34.8500000000003	0	0	0	0	80	0	1	65	602	231	0	0
92	92	Multi-cluster rare	56.2100000000001	15.6	0	0	0	0	42	0	0	140	114	245	0	0
93	93	Multi-cluster rare	166.5	117.350000000001	0	0	0	46	68	137	39	252	1193	236	0	0
1	22	Core, intermediate and rare	399.710000000001	259.26	0	0	16	698	0	488	118	0	336	0	0	0
2	39	Core, intermediate and rare	293.74	368.289999999998	0	0	45	566	0	620	64	0	390	0	0	0
3	14	Core, intermediate and rare	187.38	320.069999999999	0	0	5	353	0	578	56	0	152	0	0	0
4	6	Core, intermediate and rare	398.83	93.5200000000001	0	0	1	754	0	177	89	0	119	0	0	0
5	5	Core, intermediate and rare	524.520000000001	100.38	0	0	1	865	0	188	123	0	78	0	0	0
6	48	Core, intermediate and rare	123.64	418.499999999999	0	0	5	252	0	801	21	0	180	0	0	0
7	15	Core, intermediate and rare	609.840000000003	229.86	0	0	19	665	0	413	308	0	284	0	0	0
8	26	Core, intermediate and rare	405.13	297.719999999999	0	0	25	498	0	533	90	0	224	0	0	80
9	32	Core, intermediate and rare	374.680000000001	313.969999999999	0	0	21	535	0	602	157	0	273	0	0	0
10	42	Core, intermediate and rare	233.33	516.619999999998	0	0	79	326	0	811	80	0	350	0	0	0
11	24	Core, intermediate and rare	349.460000000001	360.159999999999	0	0	29	454	0	605	114	0	445	0	0	29
12	36	Core, intermediate and rare	281.459999999999	377.5	0	0	55	627	0	610	47	0	353	0	0	0
13	8	Core, intermediate and rare	440.289999999999	228.33	0	0	4	782	0	455	149	0	251	0	0	0
14	34	Core, intermediate and rare	378.64	304.999999999999	0	0	26	550	0	521	118	0	434	0	0	0
15	9	Core, intermediate and rare	475.890000000001	353.25	0	0	58	496	0	575	253	0	299	0	0	0
16	40	Core, intermediate and rare	419.330000000001	344.579999999998	0	0	25	591	0	627	145	0	312	0	0	6
17	30	Core, intermediate and rare	146.42	668.289999999995	0	0	104	253	0	1144	38	0	516	0	0	0
18	45	Core, intermediate and rare	175.37	516.24	0	0	14	351	0	1046	31	0	523	0	0	0
19	12	Core, intermediate and rare	626.380000000001	55.7399999999999	0	0	6	784	0	85	314	0	195	0	0	13
20	28	Core, intermediate and rare	211.26	460.619999999999	0	0	73	198	0	671	138	0	371	0	0	22
21	35	Core, intermediate and rare	164.52	420.859999999999	0	0	24	411	0	744	26	0	336	0	0	0
22	23	Core, intermediate and rare	268.22	423.869999999997	0	0	8	537	0	844	45	0	521	0	0	0
23	10	Core, intermediate and rare	437.5	325.079999999998	0	0	0	918	0	694	37	0	558	0	0	0
24	16	Core, intermediate and rare	238.88	322.8	0	0	1	494	0	654	9	0	79	0	0	0
25	1	Core, intermediate and rare	393.48	181.4	0	0	2	780	0	368	20	0	68	0	0	0
26	46	Core, intermediate and rare	227.99	267.649999999999	0	0	0	439	0	554	12	0	181	0	0	0
27	37	Core, intermediate and rare	248.24	226.899999999999	0	0	0	509	0	484	3	0	190	0	0	0
28	7	Core, intermediate and rare	576.940000000002	161.259999999999	0	0	3	1193	0	351	58	0	385	0	0	0
29	19	Core, intermediate and rare	386.7	315.46	0	0	1	876	0	631	31	0	440	0	0	0
30	51	Core, intermediate and rare	231.88	563.639999999995	0	0	26	487	0	1020	42	0	429	0	0	0
31	17	Core, intermediate and rare	458.249999999999	280.32	0	0	38	815	0	466	92	0	208	0	0	0
32	41	Core, intermediate and rare	275.39	405.459999999999	0	0	3	529	0	752	35	0	265	0	0	0
33	11	Core, intermediate and rare	431.310000000001	288.690000000001	0	0	28	636	0	507	126	0	216	0	0	8
34	25	Core, intermediate and rare	566.110000000002	222.91	0	0	4	736	0	427	242	0	234	0	0	0
35	18	Core, intermediate and rare	298.33	625.129999999996	0	0	224	428	0	735	100	0	376	0	0	0
36	4	Core, intermediate and rare	529.02	153.46	0	0	8	901	0	278	154	0	182	0	0	0
37	29	Core, intermediate and rare	314.730000000001	333.169999999999	0	0	32	641	0	538	44	0	292	0	0	0
38	3	Core, intermediate and rare	579.37	115.33	0	0	4	980	0	204	146	0	285	0	0	0
39	13	Core, intermediate and rare	495.39	231.350000000001	0	0	16	782	0	402	156	0	275	0	0	0
40	27	Core, intermediate and rare	261.18	587.979999999999	0	0	52	372	0	984	79	0	241	0	0	0
41	47	Core, intermediate and rare	223.240000000001	469.739999999998	0	0	10	489	0	879	31	0	378	0	0	0
42	2	Core, intermediate and rare	537.959999999998	97.2600000000001	0	0	4	914	0	193	108	0	142	0	0	0
43	20	Core, intermediate and rare	219.21	361.510000000001	0	0	3	400	0	707	38	0	212	0	0	0
44	44	Core, intermediate and rare	337.92	432.319999999999	0	0	2	722	0	890	38	0	530	0	0	0
45	33	Core, intermediate and rare	217.029999999999	209.06	0	0	0	501	0	450	2	0	139	0	0	0
46	38	Core, intermediate and rare	215.38	269.410000000001	0	0	1	433	0	518	9	0	132	0	0	0
47	31	Core, intermediate and rare	365.14	377.039999999997	0	0	6	825	0	779	26	0	542	0	0	0
48	48	Core, intermediate and rare	0	0	0	0	0	0	0	0	0	0	0	0	0	0
49	49	Core, intermediate and rare	5.07999999999999	8.14999999999996	0	0	0	20	16	0	0	1	69	0	0	0
50	50	Core, intermediate and rare	56.0499999999999	105.97	23	3	0	27	167	0	0	83	128	66	0	0
51	51	Core, intermediate and rare	25.8	76.3599999999995	10	0	0	44	169	0	1	6	286	24	0	0
52	52	Core, intermediate and rare	17.16	31.8500000000001	15	0	0	22	54	0	1	11	136	11	0	0
53	53	Core, intermediate and rare	48.95	16.9	3	0	0	57	50	0	0	43	91	70	0	0
54	54	Core, intermediate and rare	65.6300000000001	22.0800000000001	6	0	0	69	58	1	0	44	154	18	0	0
55	55	Core, intermediate and rare	58.3500000000001	20.6	26	0	0	27	10	0	0	57	11	177	0	0
56	56	Core, intermediate and rare	28.19	13.49	11	0	0	70	12	0	1	12	71	38	0	0
57	57	Core, intermediate and rare	224.11	61.92	94	1	4	223	61	21	77	59	138	119	2	2
58	58	Core, intermediate and rare	16.76	28.8	5	0	0	28	34	0	1	6	70	65	0	0
59	59	Core, intermediate and rare	25.0000000000001	6.44	18	0	0	4	4	0	0	38	2	305	0	0
60	60	Core, intermediate and rare	179.410000000001	82.5700000000002	91	0	7	158	57	26	48	125	387	112	0	0
61	61	Core, intermediate and rare	5.08	21.09	8	0	0	9	29	0	0	4	42	21	0	0
62	62	Core, intermediate and rare	8.23999999999999	14.1	26	0	0	9	11	0	0	21	71	68	0	0
63	63	Core, intermediate and rare	17.39	20.69	24	0	0	11	31	0	0	16	62	67	0	0
64	64	Core, intermediate and rare	37.7700000000002	38.77	71	0	0	5	12	0	0	52	26	162	2	0
65	65	Core, intermediate and rare	31.2800000000001	11.87	37	0	0	23	12	0	0	28	16	257	0	0
66	66	Core, intermediate and rare	171.35	28.0100000000001	28	5	0	40	15	0	0	205	79	105	0	0
67	67	Core, intermediate and rare	18.4299999999999	12.52	38	0	0	0	6	0	0	35	9	263	0	0
68	68	Core, intermediate and rare	29.3999999999999	67.7299999999999	83	5	0	5	12	0	0	52	7	125	0	0
69	69	Core, intermediate and rare	61.9699999999998	53.21	64	1	0	31	63	0	0	82	78	108	0	0
70	70	Core, intermediate and rare	260.94	112.25	10	1	0	205	89	62	15	120	204	45	0	0
71	71	Core, intermediate and rare	122.570000000001	18.55	8	0	0	243	42	15	4	6	50	165	0	0
72	72	Core, intermediate and rare	114.51	32.38	19	3	0	18	17	0	16	102	20	59	0	0
73	73	Core, intermediate and rare	206.07	110.73	33	0	1	354	59	167	32	83	457	6	0	0
74	74	Core, intermediate and rare	67.82	30.7300000000002	8	1	0	36	88	0	0	61	75	54	0	0
75	75	Core, intermediate and rare	113.52	167.32	7	0	2	289	178	149	9	43	574	5	0	0
76	76	Core, intermediate and rare	80.0099999999999	25.15	7	0	0	63	38	0	0	79	173	21	0	0
77	77	Core, intermediate and rare	52.1699999999999	51.7299999999999	34	0	0	32	50	0	0	11	18	7	0	0
78	78	Core, intermediate and rare	22.85	21.0900000000001	28	0	0	8	21	0	0	21	46	14	0	0
79	79	Core, intermediate and rare	153.04	133.55	20	10	4	138	215	13	19	70	290	56	1	0
80	80	Core, intermediate and rare	34.09	29.98	0	0	0	43	41	0	0	46	242	14	0	0
81	81	Core, intermediate and rare	90.5500000000002	14.44	1	0	0	215	46	0	4	16	157	7	0	0
82	82	Core, intermediate and rare	17.67	18.2	21	0	0	5	9	0	0	18	8	163	6	0
83	83	Core, intermediate and rare	27.83	32.1400000000001	117	0	0	17	20	0	4	58	105	105	0	0
84	84	Core, intermediate and rare	18.51	2.62	2	0	0	12	1	0	1	7	15	40	0	0
85	85	Core, intermediate and rare	12.05	8.75999999999999	13	0	0	8	5	0	0	9	15	47	0	0
86	86	Core, intermediate and rare	17.7099999999999	23	42	0	0	3	9	0	0	16	9	250	0	0
87	87	Core, intermediate and rare	40.1499999999999	17.8	61	1	0	10	11	0	0	22	6	110	0	0
88	88	Core, intermediate and rare	74.7200000000002	11.56	22	0	0	16	4	0	0	65	1	279	9	0
89	89	Core, intermediate and rare	52.7099999999998	46.9	31	0	0	42	35	0	3	20	191	35	0	0
90	90	Core, intermediate and rare	138.22	45.4199999999999	19	0	0	275	59	0	16	54	165	17	0	0
91	91	Core, intermediate and rare	36.54	38.3400000000001	12	0	0	26	64	0	0	21	130	4	0	0
92	92	Core, intermediate and rare	38.1	26.6000000000001	7	0	0	14	28	0	0	27	21	20	0	0
93	93	Core, intermediate and rare	172.6	195.47	34	0	0	361	130	229	12	33	516	4	0	0
1	22	Core and rare	29.5	6.05999999999999	0	0	2	10	0	7	27	0	40	0	0	0
2	39	Core and rare	34.41	5.96999999999999	0	0	0	9	0	8	31	0	36	0	0	0
3	14	Core and rare	18.24	5.09	0	0	1	5	0	6	17	0	25	0	0	0
4	6	Core and rare	28	2.85	0	0	1	9	0	2	25	0	17	0	0	0
5	5	Core and rare	18.68	3.23	0	0	1	8	0	1	16	0	33	0	0	0
6	48	Core and rare	29.99	5.54	0	0	0	1	0	8	31	0	18	0	0	0
7	15	Core and rare	30.13	3.05	0	0	0	2	0	5	29	0	25	0	0	1
8	26	Core and rare	35.95	2.14	0	0	1	6	0	2	3	0	6	0	0	30
9	32	Core and rare	15.82	3.67999999999999	0	0	0	5	0	6	15	0	39	0	0	0
10	42	Core and rare	35.61	6.47	0	0	3	5	0	6	35	0	19	0	0	0
11	24	Core and rare	23.79	7.39	0	0	2	2	0	9	13	0	32	0	0	10
12	36	Core and rare	35.72	13.4	0	0	8	23	0	9	30	0	44	0	0	0
13	8	Core and rare	43	4.67999999999999	0	0	0	23	0	9	38	0	36	0	0	0
14	34	Core and rare	37.15	3.38	0	0	1	12	0	4	32	0	38	0	0	0
15	9	Core and rare	48.3	4.52999999999999	0	0	1	9	0	7	35	0	35	0	0	10
16	40	Core and rare	22.37	11.12	0	0	1	8	0	17	11	0	18	0	0	9
17	30	Core and rare	26.42	20.66	0	0	4	9	0	25	25	0	77	0	0	0
18	45	Core and rare	47.3299999999999	5.56999999999999	0	0	0	23	0	11	43	0	59	0	0	0
19	12	Core and rare	77.33	3.21	0	0	1	8	0	3	44	0	9	0	0	31
20	28	Core and rare	19.9	5.77999999999999	0	0	0	3	0	8	6	0	47	0	0	13
21	35	Core and rare	15.62	5.92999999999999	0	0	1	6	0	13	15	0	30	0	0	0
22	23	Core and rare	45.04	7.23999999999999	0	0	1	12	0	10	43	0	59	0	0	0
23	10	Core and rare	25.07	13.62	0	0	0	28	0	25	14	0	94	0	0	0
24	16	Core and rare	13.36	12.09	0	0	0	8	0	28	10	0	41	0	0	0
25	1	Core and rare	55.52	4.25	0	0	0	29	0	7	39	0	12	0	0	0
26	46	Core and rare	8.87	7.58	0	0	0	2	0	22	8	0	10	0	0	0
27	37	Core and rare	18.82	2.53	0	0	0	18	0	6	7	0	11	0	0	0
28	7	Core and rare	71.73	6.6	0	0	2	60	0	9	42	0	40	0	0	0
29	19	Core and rare	27.26	10.92	0	0	0	41	0	24	11	0	57	0	0	0
30	51	Core and rare	14.68	17.34	0	0	0	29	0	36	4	0	64	0	0	0
31	17	Core and rare	29.49	8.37999999999999	0	0	0	11	0	15	24	0	30	0	0	0
32	41	Core and rare	23.93	9.81999999999999	0	0	2	11	0	15	19	0	35	0	0	0
33	11	Core and rare	35.3	3.19	0	0	0	25	0	6	12	0	21	0	0	9
34	25	Core and rare	34.26	10.04	0	0	3	22	0	14	21	0	33	0	0	4
35	18	Core and rare	39.18	17.96	0	0	6	15	0	21	19	0	35	0	0	13
36	4	Core and rare	64.01	4.71999999999999	0	0	0	23	0	11	59	0	23	0	0	0
37	29	Core and rare	15.8	10.51	0	0	1	17	0	17	12	0	70	0	0	0
38	3	Core and rare	64.07	3.67	0	0	2	45	0	2	50	0	36	0	0	0
39	13	Core and rare	37.32	11.92	0	0	1	32	0	15	27	0	59	0	0	0
40	27	Core and rare	27.17	9.98	0	0	1	8	0	19	20	0	22	0	0	4
41	47	Core and rare	47.4100000000001	10.02	0	0	2	63	0	17	17	0	44	0	0	0
42	2	Core and rare	63.3200000000001	2.24	0	0	1	67	0	2	30	0	18	0	0	0
43	20	Core and rare	13.87	33.79	0	0	0	3	0	66	12	0	36	0	0	0
44	44	Core and rare	51.28	7.15999999999999	0	0	0	29	0	14	35	0	54	0	0	0
45	33	Core and rare	14.63	4.73	0	0	0	19	0	10	3	0	10	0	0	0
46	38	Core and rare	14.77	7.87	0	0	0	9	0	20	10	0	3	0	0	0
47	31	Core and rare	15.25	10.43	0	0	0	16	0	23	7	0	76	0	0	0
48	48	Core and rare	0	0	0	0	0	0	0	0	0	0	0	0	0	0
49	49	Core and rare	0.45	0.890000000000001	0	0	0	0	0	0	0	0	6	0	0	0
50	50	Core and rare	5.55	7.35999999999999	13	0	0	0	12	0	0	6	41	19	0	0
51	51	Core and rare	5.31	10.39	0	0	0	6	16	1	2	1	47	5	0	0
52	52	Core and rare	4.3	1.72	1	0	0	3	1	0	0	0	29	7	0	0
53	53	Core and rare	1.35	1.24	0	0	0	4	1	0	0	2	17	14	0	0
54	54	Core and rare	3.57	2.02	0	0	0	10	1	0	0	0	13	4	0	0
55	55	Core and rare	3.43999999999999	0.18	2	0	0	1	0	0	0	2	0	48	0	0
56	56	Core and rare	1.72	2.08	1	0	0	0	6	0	0	2	1	7	0	0
57	57	Core and rare	29.33	2.42	1	0	1	3	0	1	19	3	9	42	0	7
58	58	Core and rare	0.55	2.27	0	0	0	2	2	0	0	0	14	1	0	0
59	59	Core and rare	0.82	0.12	0	0	0	0	0	0	0	0	1	35	0	0
60	60	Core and rare	11.3	1.67	2	0	0	1	2	0	8	3	37	41	0	0
61	61	Core and rare	0.62	0.18	0	0	0	0	0	0	0	2	9	3	0	0
62	62	Core and rare	0.76	0.23	0	0	0	1	0	0	0	0	7	4	0	0
63	63	Core and rare	0.43	0.05	0	0	0	0	0	0	0	1	1	10	0	0
64	64	Core and rare	3.43	0.14	0	0	0	0	0	0	0	2	2	41	0	0
65	65	Core and rare	1.37	0.34	1	0	0	0	0	0	0	1	1	30	0	0
66	66	Core and rare	15.6	0.52	1	0	0	0	0	0	0	20	6	55	0	0
67	67	Core and rare	5.09999999999999	0.53	0	0	0	0	0	0	0	7	0	65	0	0
68	68	Core and rare	6.05999999999999	2.46	4	0	0	3	0	0	0	5	1	75	0	0
69	69	Core and rare	7.61999999999999	4.48	0	0	0	5	9	0	1	5	10	55	0	0
70	70	Core and rare	14.38	8.26999999999999	0	0	0	6	2	6	6	11	75	33	0	0
71	71	Core and rare	19.33	0.76	0	0	0	6	2	0	15	0	15	36	0	0
72	72	Core and rare	11.97	7.56	0	2	0	7	5	0	1	12	2	33	0	0
73	73	Core and rare	25.84	6.65999999999999	2	0	0	22	2	13	13	18	62	34	0	0
74	74	Core and rare	11.1	2.31	0	0	0	5	3	0	4	4	18	41	0	0
75	75	Core and rare	12.28	12.31	0	0	2	13	3	14	1	12	98	9	0	0
76	76	Core and rare	22.38	4.25	1	0	0	2	15	0	3	43	30	26	0	0
77	77	Core and rare	6.98	3.19	0	0	0	3	4	0	0	3	25	10	0	0
78	78	Core and rare	2.44	2.43	1	0	0	0	5	0	0	6	19	5	0	0
79	79	Core and rare	13.85	16.99	1	4	2	7	20	2	2	9	53	65	0	0
80	80	Core and rare	2.04	3.48999999999999	0	0	0	2	3	0	0	3	81	8	0	0
81	81	Core and rare	3.8	0.78	0	0	0	5	0	0	0	1	16	6	0	0
82	82	Core and rare	2.96	0.900000000000001	0	0	0	0	2	0	0	9	0	9	1	0
83	83	Core and rare	2.02	2.02	2	0	0	2	5	0	0	0	10	26	0	0
84	84	Core and rare	1.07	0.74	5	0	0	0	0	0	0	1	4	7	0	0
85	85	Core and rare	1.86	2.42	1	1	0	0	1	0	0	6	3	6	0	0
86	86	Core and rare	1.16	0.98	1	0	0	0	0	0	0	0	7	29	0	0
87	87	Core and rare	7.12999999999999	3.02	0	0	0	0	3	0	0	1	0	48	1	0
88	88	Core and rare	17.11	0.669999999999999	1	0	0	2	0	0	0	15	2	70	4	0
89	89	Core and rare	27.94	2.59	0	0	0	1	2	0	1	54	29	28	0	0
90	90	Core and rare	28.33	4.02	0	0	0	7	6	0	23	2	25	31	0	0
91	91	Core and rare	5.29	1.81	0	0	0	6	8	0	0	9	22	22	0	0
92	92	Core and rare	2.95	3.65	0	0	0	1	10	0	0	7	21	12	0	0
93	93	Core and rare	18.81	9.88999999999999	1	0	1	5	0	16	12	10	60	12	0	0
1	22	Core and intermediate	70.99	40.68	0	0	20	92	0	47	53	0	74	0	0	0
2	39	Core and intermediate	82.5499999999999	50.2400000000001	0	0	25	96	0	43	56	0	71	0	0	0
3	14	Core and intermediate	34.07	71.14	0	0	57	18	0	19	31	0	31	0	0	0
4	6	Core and intermediate	24.55	27.62	0	0	13	20	0	17	19	0	43	0	0	0
5	5	Core and intermediate	41.05	15.82	0	0	8	27	0	9	36	0	25	0	0	0
6	48	Core and intermediate	16.89	30.66	0	0	8	8	0	28	16	0	45	0	0	0
7	15	Core and intermediate	62.3	56.83	0	0	21	27	0	63	46	0	53	0	0	7
8	26	Core and intermediate	110.57	21.27	0	0	9	60	0	21	20	0	13	0	0	59
9	32	Core and intermediate	30.23	36.2	0	0	22	40	0	23	19	0	88	0	0	0
10	42	Core and intermediate	57.07	21.04	0	0	9	39	0	24	49	0	58	0	0	0
11	24	Core and intermediate	24	22.84	0	0	14	23	0	15	11	0	80	0	0	7
12	36	Core and intermediate	38.89	30.41	0	0	16	44	0	21	29	0	38	0	0	0
13	8	Core and intermediate	23.08	17.6	0	0	11	52	0	13	13	0	54	0	0	0
14	34	Core and intermediate	68.38	32.84	0	0	21	77	0	26	35	0	42	0	0	0
15	9	Core and intermediate	55.35	68.81	0	0	37	32	0	71	37	0	40	0	0	10
16	40	Core and intermediate	65.17	38.65	0	0	9	74	0	71	26	0	48	0	0	13
17	30	Core and intermediate	79.0299999999999	299.74	0	0	226	100	0	165	49	0	117	0	0	0
18	45	Core and intermediate	54.1799999999999	167.89	0	0	89	92	0	173	27	0	139	0	0	0
19	12	Core and intermediate	67.24	12.27	0	0	10	16	0	3	51	0	3	0	0	10
20	28	Core and intermediate	29.75	36.78	0	0	27	3	0	16	2	0	52	0	0	27
21	35	Core and intermediate	11.32	43.8499999999999	0	0	32	14	0	25	8	0	56	0	0	0
22	23	Core and intermediate	103.98	58.87	0	0	28	71	0	44	87	0	118	0	0	0
23	10	Core and intermediate	69.32	67.6600000000001	0	0	21	120	0	88	29	0	139	0	0	0
24	16	Core and intermediate	35.52	14.23	0	0	4	75	0	19	12	0	12	0	0	0
25	1	Core and intermediate	11.56	74.2700000000001	0	0	22	18	0	76	3	0	21	0	0	0
26	46	Core and intermediate	13.5	10.58	0	0	2	13	0	15	9	0	9	0	0	0
27	37	Core and intermediate	8.41	9.48999999999999	0	0	1	16	0	12	1	0	17	0	0	0
28	7	Core and intermediate	33.47	39.1599999999999	0	0	13	77	0	50	8	0	115	0	0	0
29	19	Core and intermediate	25.33	29.73	0	0	4	57	0	56	8	0	95	0	0	0
30	51	Core and intermediate	35.12	28.52	0	0	2	63	0	50	11	0	92	0	0	0
31	17	Core and intermediate	24.46	27.28	0	0	16	29	0	20	13	0	39	0	0	0
32	41	Core and intermediate	27.82	16.64	0	0	3	25	0	24	18	0	34	0	0	0
33	11	Core and intermediate	25.38	22.41	0	0	13	42	0	19	8	0	29	0	0	3
34	25	Core and intermediate	28.49	19.87	0	0	14	24	0	14	9	0	29	0	0	10
35	18	Core and intermediate	22.7	141.08	0	0	128	14	0	24	11	0	27	0	0	5
36	4	Core and intermediate	27.92	19.52	0	0	15	37	0	11	15	0	21	0	0	0
37	29	Core and intermediate	26.43	22.03	0	0	11	27	0	21	17	0	19	0	0	0
38	3	Core and intermediate	23.25	35.8	0	0	26	28	0	17	15	0	27	0	0	0
39	13	Core and intermediate	20.13	24.68	0	0	16	28	0	17	13	0	29	0	0	0
40	27	Core and intermediate	81.77	64.17	0	0	37	25	0	49	55	0	44	0	0	18
41	47	Core and intermediate	29.52	16.01	0	0	5	33	0	27	16	0	57	0	0	0
42	2	Core and intermediate	13.93	28.04	0	0	19	18	0	14	6	0	30	0	0	0
43	20	Core and intermediate	14.99	17.1	0	0	7	15	0	17	9	0	27	0	0	0
44	44	Core and intermediate	53.75	33.9600000000001	0	0	6	110	0	52	15	0	139	0	0	0
45	33	Core and intermediate	14.69	72.95	0	0	14	38	0	79	4	0	14	0	0	0
46	38	Core and intermediate	27.7	42.96	0	0	16	80	0	37	7	0	11	0	0	0
47	31	Core and intermediate	54.8	52.8	0	0	20	92	0	60	28	0	128	0	0	0
48	48	Core and intermediate	0	0	0	0	0	0	0	0	0	0	0	0	0	0
49	49	Core and intermediate	4.05	2.89	1	0	0	7	8	0	0	3	29	1	0	0
50	50	Core and intermediate	43.66	31.51	35	0	0	26	27	0	7	71	53	49	0	0
51	51	Core and intermediate	52.2800000000001	42.97	13	5	0	31	73	0	15	24	59	49	0	0
52	52	Core and intermediate	14.15	11.37	16	1	0	18	7	0	0	10	65	18	0	0
53	53	Core and intermediate	32.03	5.97	1	0	0	58	6	0	0	45	49	20	0	0
54	54	Core and intermediate	33.7600000000001	6.49	2	0	0	36	5	1	2	14	19	24	0	0
55	55	Core and intermediate	30.02	11.08	13	0	0	6	5	0	0	17	7	78	1	0
56	56	Core and intermediate	13.22	7.2	8	0	0	21	16	0	2	9	17	6	0	0
57	57	Core and intermediate	56.3700000000001	24.07	21	0	4	60	12	13	26	2	30	46	0	2
58	58	Core and intermediate	9.46	9.51	1	0	0	8	14	0	2	5	25	3	0	0
59	59	Core and intermediate	4.96	4.15	3	0	0	1	0	0	0	4	6	62	1	0
60	60	Core and intermediate	52.95	25.7100000000001	20	0	10	56	9	12	24	3	64	44	0	1
61	61	Core and intermediate	4.43	3.59	3	0	0	10	3	0	0	13	13	7	0	0
62	62	Core and intermediate	5.6	3.46	0	0	0	5	5	0	1	4	9	11	1	0
63	63	Core and intermediate	1.75	12.05	2	0	0	5	27	0	0	0	16	10	0	0
64	64	Core and intermediate	18.75	14.18	6	7	0	2	5	0	0	13	2	56	0	0
65	65	Core and intermediate	4.31	3.87	2	0	0	4	11	0	0	0	8	34	0	0
66	66	Core and intermediate	28.44	6.76	6	2	0	7	3	0	0	31	35	37	0	0
67	67	Core and intermediate	7.06999999999999	5.17	11	0	0	2	0	0	0	7	6	59	1	0
68	68	Core and intermediate	32.53	75.2400000000001	72	8	0	2	9	0	0	41	10	58	0	0
69	69	Core and intermediate	41.9599999999999	25.71	18	5	0	53	29	0	8	17	68	73	0	0
70	70	Core and intermediate	40.29	29.65	2	0	3	59	11	22	19	14	139	20	0	0
71	71	Core and intermediate	18.07	2.57	0	0	0	16	0	4	10	0	16	16	0	0
72	72	Core and intermediate	47.81	26.8	10	6	0	28	31	0	8	28	29	34	0	0
73	73	Core and intermediate	63.12	43.75	45	0	4	108	9	50	25	8	134	14	0	0
74	74	Core and intermediate	22.47	15.13	22	2	0	39	11	0	1	16	81	45	0	0
75	75	Core and intermediate	71.82	34.26	9	0	5	102	8	42	35	7	130	5	0	0
76	76	Core and intermediate	31.94	27.77	6	0	0	28	35	0	7	20	73	11	0	0
77	77	Core and intermediate	13	9.29	7	0	0	23	6	0	0	8	22	4	0	0
78	78	Core and intermediate	10.79	15.99	14	0	0	16	17	0	0	9	29	10	0	0
79	79	Core and intermediate	55.8	138.71	19	33	47	43	61	29	28	21	120	21	3	2
80	80	Core and intermediate	10.71	6.21999999999999	0	0	0	10	6	0	3	3	87	11	0	0
81	81	Core and intermediate	22.67	5.51999999999999	0	0	0	31	5	3	6	10	66	8	0	0
82	82	Core and intermediate	14.94	2.46	3	0	0	1	4	0	0	17	2	22	1	1
83	83	Core and intermediate	22.17	7.38	8	1	0	16	9	0	16	5	3	29	0	0
84	84	Core and intermediate	5.04	1.3	0	0	0	8	1	0	0	2	13	3	0	0
85	85	Core and intermediate	3.81	0.94	1	0	0	4	0	0	0	3	4	10	0	0
86	86	Core and intermediate	3.63	5.41	4	0	0	1	5	0	0	2	1	14	0	0
87	87	Core and intermediate	10.83	2.39	2	0	0	1	0	0	0	9	2	25	0	0
88	88	Core and intermediate	6.15	4.89	7	2	0	0	4	0	0	3	1	21	1	0
89	89	Core and intermediate	15.62	14.04	4	0	0	22	20	0	5	11	133	27	0	0
90	90	Core and intermediate	25.73	17.11	8	1	0	15	19	3	14	1	52	10	0	0
91	91	Core and intermediate	26.99	11.6	6	0	0	27	11	0	4	17	76	11	0	0
92	92	Core and intermediate	14.34	11.55	6	0	0	10	14	0	0	8	19	15	0	0
93	93	Core and intermediate	42.03	51.77	76	0	13	74	7	35	17	5	133	10	0	0
1	22	Multi-cluster core	36.79	20.88	0	0	11	28	0	21	30	0	33	0	0	0
2	39	Multi-cluster core	32.76	15.85	0	0	5	31	0	18	22	0	41	0	0	0
3	14	Multi-cluster core	15.69	14.11	0	0	10	4	0	4	15	0	29	0	0	0
4	6	Multi-cluster core	25.97	9.39	0	0	6	4	0	4	26	0	18	0	0	0
5	5	Multi-cluster core	11.82	5.09	0	0	3	5	0	3	11	0	15	0	0	0
6	48	Multi-cluster core	14.95	6.22	0	0	2	3	0	5	14	0	12	0	0	0
7	15	Multi-cluster core	29.74	12.64	0	0	9	15	0	7	19	0	43	0	0	5
8	26	Multi-cluster core	37.24	5.99	0	0	2	15	0	9	3	0	11	0	0	25
9	32	Multi-cluster core	35.07	16.15	0	0	12	14	0	11	31	0	25	0	0	0
10	42	Multi-cluster core	25.05	10.13	0	0	6	15	0	10	20	0	36	0	0	0
11	24	Multi-cluster core	24.83	13.72	0	0	8	16	0	12	9	0	13	0	0	11
12	36	Multi-cluster core	28.13	20.06	0	0	14	14	0	14	24	0	15	0	0	0
13	8	Multi-cluster core	17.68	11.61	0	0	5	17	0	11	10	0	29	0	0	0
14	34	Multi-cluster core	30.87	8.92999999999999	0	0	5	8	0	12	29	0	21	0	0	0
15	9	Multi-cluster core	24.28	26.34	0	0	22	9	0	11	12	0	38	0	0	9
16	40	Multi-cluster core	48.61	19	0	0	5	24	0	26	29	0	21	0	0	7
17	30	Multi-cluster core	57.69	99.8699999999999	0	0	78	39	0	42	45	0	77	0	0	0
18	45	Multi-cluster core	48.2499999999999	64.4300000000002	0	0	39	32	0	49	39	0	83	0	0	0
19	12	Multi-cluster core	2.34	12.53	0	0	10	3	0	4	2	0	2	0	0	0
20	28	Multi-cluster core	12.47	8.66	0	0	6	4	0	3	2	0	2	0	0	9
21	35	Multi-cluster core	13.87	9.86	0	0	4	7	0	8	12	0	6	0	0	0
22	23	Multi-cluster core	43.2	34.55	0	0	17	44	0	27	36	0	69	0	0	0
23	10	Multi-cluster core	54.3699999999999	25.8700000000002	0	0	4	57	0	35	37	0	150	0	0	0
24	16	Multi-cluster core	24.82	4.22	0	0	1	21	0	5	16	0	11	0	0	0
25	1	Multi-cluster core	12.83	37.2299999999999	0	0	25	5	0	21	11	0	16	0	0	0
26	46	Multi-cluster core	8.3	5.25	0	0	0	7	0	9	7	0	8	0	0	0
27	37	Multi-cluster core	9.91	4.86	0	0	0	10	0	6	6	0	9	0	0	0
28	7	Multi-cluster core	46.9200000000001	24.06	0	0	7	82	0	30	13	0	77	0	0	0
29	19	Multi-cluster core	26.33	23.98	0	0	2	54	0	47	10	0	50	0	0	0
30	51	Multi-cluster core	48.21	16.86	0	0	0	71	0	30	20	0	40	0	0	0
31	17	Multi-cluster core	38.29	17.16	0	0	5	31	0	17	28	0	43	0	0	0
32	41	Multi-cluster core	40.01	28.88	0	0	11	21	0	27	34	0	37	0	0	0
33	11	Multi-cluster core	27.22	31.08	0	0	16	25	0	24	10	0	17	0	0	8
34	25	Multi-cluster core	18.11	9.34	0	0	4	31	0	10	5	0	25	0	0	2
35	18	Multi-cluster core	29.97	61.2	0	0	54	26	0	15	12	0	18	0	0	10
36	4	Multi-cluster core	31.04	19.12	0	0	9	31	0	17	23	0	34	0	0	0
37	29	Multi-cluster core	31.21	21.29	0	0	9	27	0	21	25	0	32	0	0	0
38	3	Multi-cluster core	37.13	41.19	0	0	24	20	0	28	32	0	30	0	0	0
39	13	Multi-cluster core	33.17	18.23	0	0	10	31	0	17	26	0	36	0	0	0
40	27	Multi-cluster core	81.51	67.07	0	0	41	24	0	41	47	0	37	0	0	26
41	47	Multi-cluster core	39.3300000000001	9.28999999999999	0	0	1	37	0	10	24	0	98	0	0	0
42	2	Multi-cluster core	4.06999999999999	23.22	0	0	16	3	0	12	2	0	38	0	0	0
43	20	Multi-cluster core	20.47	3.62	0	0	2	12	0	3	15	0	25	0	0	0
44	44	Multi-cluster core	67.91	23.02	0	0	6	95	0	30	34	0	70	0	0	0
45	33	Multi-cluster core	9.19	21.46	0	0	5	17	0	24	6	0	13	0	0	0
46	38	Multi-cluster core	16.59	19.86	0	0	6	24	0	17	9	0	10	0	0	0
47	31	Multi-cluster core	49.14	33.17	0	0	7	86	0	42	22	0	93	0	0	0
48	48	Multi-cluster core	0	0	0	0	0	0	0	0	0	0	0	0	0	0
49	49	Multi-cluster core	1.36	7.23	2	0	0	1	26	0	0	1	29	0	0	0
50	50	Multi-cluster core	13.73	36.92	22	5	0	6	32	1	4	13	105	73	0	0
51	51	Multi-cluster core	10.55	36.9000000000001	12	1	0	11	52	0	1	4	121	13	0	0
52	52	Multi-cluster core	8.95	7.13999999999999	2	0	0	7	6	0	0	11	52	17	0	0
53	53	Multi-cluster core	11.4	2.51	1	0	0	20	2	0	3	8	23	14	0	0
54	54	Multi-cluster core	12.32	2.57	5	0	0	14	2	0	3	7	28	5	0	0
55	55	Multi-cluster core	9.41999999999999	3.47	4	0	0	2	4	0	0	4	1	45	1	0
56	56	Multi-cluster core	5.96	3.82	0	0	0	11	12	0	0	1	10	13	0	0
57	57	Multi-cluster core	38.21	10.07	5	1	5	16	2	3	13	0	19	40	0	17
58	58	Multi-cluster core	2.61	5.63	0	0	0	3	7	1	0	3	11	4	0	0
59	59	Multi-cluster core	4.77	1.13	1	0	0	0	2	0	0	7	7	44	0	0
60	60	Multi-cluster core	58.11	3.74	5	0	1	17	1	3	35	2	25	25	0	15
61	61	Multi-cluster core	1.07	1.53	0	0	0	0	0	0	0	0	10	5	0	0
62	62	Multi-cluster core	4.51	0.56	0	0	0	0	0	0	2	8	5	4	0	0
63	63	Multi-cluster core	4.47	0.51	1	0	0	1	1	0	2	3	1	2	0	0
64	64	Multi-cluster core	6.26	1.89	0	0	0	2	4	0	0	3	1	45	2	0
65	65	Multi-cluster core	3.88	0.7	2	0	0	0	0	0	0	0	2	13	0	0
66	66	Multi-cluster core	6.53	2.49	1	0	0	4	3	0	2	6	3	25	0	0
67	67	Multi-cluster core	3.43	2.17	2	0	0	1	0	0	0	3	6	34	0	0
68	68	Multi-cluster core	11.81	16.13	12	5	0	3	4	0	0	13	20	78	0	0
69	69	Multi-cluster core	26.5	13.84	7	1	0	7	17	0	1	25	44	49	0	0
70	70	Multi-cluster core	33.02	16.38	1	2	4	50	2	10	17	5	80	11	0	0
71	71	Multi-cluster core	3.67	0.47	0	0	0	8	0	1	1	1	13	1	0	0
72	72	Multi-cluster core	64.88	11.42	7	3	0	34	17	0	35	26	39	99	0	0
73	73	Multi-cluster core	104.29	20.39	8	0	7	62	0	17	83	5	98	26	0	0
74	74	Multi-cluster core	30.27	9.14999999999998	4	0	0	29	9	0	8	26	90	99	0	0
75	75	Multi-cluster core	68.45	23.85	6	0	2	59	2	36	44	1	115	9	0	0
76	76	Multi-cluster core	60.7999999999999	19.01	4	0	0	14	30	0	28	46	63	33	0	0
77	77	Multi-cluster core	18.93	2.42	3	0	0	25	1	0	0	12	28	9	0	0
78	78	Multi-cluster core	28.07	5.06	4	0	0	10	5	0	0	7	28	46	0	0
79	79	Multi-cluster core	125.89	79.9499999999999	11	18	25	52	32	19	51	49	81	65	15	33
80	80	Multi-cluster core	20.47	8.95999999999998	0	0	0	28	15	0	1	2	74	12	0	0
81	81	Multi-cluster core	15.54	7.72	2	0	0	20	2	9	4	4	58	6	0	0
82	82	Multi-cluster core	7.99	5.51	1	1	0	1	2	0	0	11	4	13	0	0
83	83	Multi-cluster core	8.94999999999999	2.94	13	0	0	13	5	0	4	4	10	57	0	0
84	84	Multi-cluster core	4.05	1.07	0	0	0	13	5	0	1	6	4	5	0	0
85	85	Multi-cluster core	4.33	1.03	2	0	0	2	0	0	0	4	5	10	6	0
86	86	Multi-cluster core	10.42	2.85	1	0	0	3	4	0	0	8	3	11	1	0
87	87	Multi-cluster core	9.7	3.28	8	0	0	1	1	0	0	4	8	42	0	0
88	88	Multi-cluster core	8.58999999999999	4.89	15	0	0	3	1	0	0	7	6	49	2	0
89	89	Multi-cluster core	52.62	15.71	2	1	0	38	21	9	31	7	59	63	0	0
90	90	Multi-cluster core	68.2300000000001	15.04	2	0	0	10	22	2	67	0	54	17	0	0
91	91	Multi-cluster core	41.93	5.92999999999999	2	0	0	48	4	0	7	41	88	36	0	0
92	92	Multi-cluster core	19.07	5.14999999999999	5	0	0	12	4	0	0	14	28	49	0	0
93	93	Multi-cluster core	60.73	22.49	14	0	2	65	4	33	44	1	69	14	0	0
1	22	Multi-cluster intermediate	8.37	0.39	0	0	0	4	0	1	8	0	17	0	0	0
2	39	Multi-cluster intermediate	16.33	0.35	0	0	0	4	0	1	16	0	9	0	0	0
3	14	Multi-cluster intermediate	7.77	0.62	0	0	0	0	0	0	8	0	17	0	0	0
4	6	Multi-cluster intermediate	16.38	0.23	0	0	0	0	0	0	17	0	8	0	0	0
5	5	Multi-cluster intermediate	19.93	1.14	0	0	0	1	0	1	20	0	28	0	0	0
6	48	Multi-cluster intermediate	27.86	1.07	0	0	0	1	0	1	28	0	20	0	0	0
7	15	Multi-cluster intermediate	39.43	0.63	0	0	0	2	0	1	33	0	2	0	0	6
8	26	Multi-cluster intermediate	11.9	0.01	0	0	0	2	0	0	1	0	1	0	0	10
9	32	Multi-cluster intermediate	14.2	0.02	0	0	0	1	0	0	14	0	2	0	0	0
10	42	Multi-cluster intermediate	0	0.82	0	0	0	0	0	1	0	0	16	0	0	0
11	24	Multi-cluster intermediate	7.18	0.16	0	0	0	2	0	0	0	0	10	0	0	6
12	36	Multi-cluster intermediate	7	0.94	0	0	0	8	0	1	6	0	31	0	0	0
13	8	Multi-cluster intermediate	31.66	0.6	0	0	0	8	0	1	31	0	6	0	0	0
14	34	Multi-cluster intermediate	39.18	0.72	0	0	0	2	0	1	39	0	29	0	0	0
15	9	Multi-cluster intermediate	33.43	0.97	0	0	0	2	0	1	28	0	40	0	0	5
16	40	Multi-cluster intermediate	8.9	0.5	0	0	0	0	0	2	2	0	0	0	0	7
17	30	Multi-cluster intermediate	13.42	0.39	0	0	0	11	0	0	11	0	14	0	0	0
18	45	Multi-cluster intermediate	14.3	0.27	0	0	0	11	0	0	12	0	13	0	0	0
19	12	Multi-cluster intermediate	9.95	0.76	0	0	0	0	0	1	3	0	0	0	0	7
20	28	Multi-cluster intermediate	8.24	0.05	0	0	0	1	0	0	0	0	3	0	0	8
21	35	Multi-cluster intermediate	1.23	0.84	0	0	0	1	0	0	1	0	14	0	0	0
22	23	Multi-cluster intermediate	31.38	0.11	0	0	0	1	0	0	32	0	4	0	0	0
23	10	Multi-cluster intermediate	18.19	1.03	0	0	0	3	0	2	18	0	20	0	0	0
24	16	Multi-cluster intermediate	6.23	0.16	0	0	0	1	0	0	6	0	3	0	0	0
25	1	Multi-cluster intermediate	2.85	0.78	0	0	0	0	0	1	3	0	6	0	0	0
26	46	Multi-cluster intermediate	2.8	3.29	0	0	0	0	0	8	3	0	5	0	0	0
27	37	Multi-cluster intermediate	8.73	0.22	0	0	0	8	0	0	4	0	4	0	0	0
28	7	Multi-cluster intermediate	14.32	0.54	0	0	0	17	0	2	6	0	2	0	0	0
29	19	Multi-cluster intermediate	6.7	3.72	0	0	0	10	0	9	2	0	6	0	0	0
30	51	Multi-cluster intermediate	6.68	5.7	0	0	0	8	0	11	2	0	6	0	0	0
31	17	Multi-cluster intermediate	12.35	0.66	0	0	0	1	0	3	12	0	6	0	0	0
32	41	Multi-cluster intermediate	7.91	0.22	0	0	0	4	0	0	5	0	13	0	0	0
33	11	Multi-cluster intermediate	14.96	0.38	0	0	0	3	0	1	0	0	13	0	0	13
34	25	Multi-cluster intermediate	25.6	0.18	0	0	0	1	0	1	5	0	2	0	0	20
35	18	Multi-cluster intermediate	6.83	3.41	0	0	3	1	0	1	2	0	5	0	0	4
36	4	Multi-cluster intermediate	2.07	1.44	0	0	1	0	0	1	2	0	11	0	0	0
37	29	Multi-cluster intermediate	9.89	3.26	0	0	3	0	0	1	10	0	3	0	0	0
38	3	Multi-cluster intermediate	9.69	0.53	0	0	0	1	0	1	9	0	5	0	0	0
39	13	Multi-cluster intermediate	5.48	0.32	0	0	0	1	0	1	5	0	9	0	0	0
40	27	Multi-cluster intermediate	17.92	1.04	0	0	0	0	0	1	6	0	6	0	0	12
41	47	Multi-cluster intermediate	9.55	0.22	0	0	0	2	0	1	9	0	1	0	0	0
42	2	Multi-cluster intermediate	0.64	1.3	0	0	0	1	0	2	0	0	4	0	0	0
43	20	Multi-cluster intermediate	4.7	0.36	0	0	0	2	0	1	4	0	0	0	0	0
44	44	Multi-cluster intermediate	2.38	0.42	0	0	0	1	0	1	2	0	3	0	0	0
45	33	Multi-cluster intermediate	6.17	0.38	0	0	0	2	0	2	5	0	1	0	0	0
46	38	Multi-cluster intermediate	2.62	0.83	0	0	0	2	0	2	1	0	5	0	0	0
47	31	Multi-cluster intermediate	3.39	0.71	0	0	0	2	0	1	2	0	11	0	0	0
48	48	Multi-cluster intermediate	0	0	0	0	0	0	0	0	0	0	0	0	0	0
49	49	Multi-cluster intermediate	0.08	0.19	0	0	0	0	1	0	0	0	1	0	0	0
50	50	Multi-cluster intermediate	0.33	0.65	0	0	0	0	0	0	0	1	10	8	0	0
51	51	Multi-cluster intermediate	0.26	0.38	0	0	0	0	2	0	0	0	9	11	0	0
52	52	Multi-cluster intermediate	0.2	0.16	0	0	0	0	0	0	0	0	2	1	0	0
53	53	Multi-cluster intermediate	0.15	0.54	0	0	0	0	0	0	0	1	10	1	0	0
54	54	Multi-cluster intermediate	0.48	0.14	0	0	0	0	0	0	0	0	0	2	0	0
55	55	Multi-cluster intermediate	3.13	0.05	0	0	0	0	0	0	0	2	0	23	1	0
56	56	Multi-cluster intermediate	0.0399999999999999	0.04	0	0	0	0	0	0	0	0	3	0	0	0
57	57	Multi-cluster intermediate	2.16	0.25	0	0	0	1	0	1	0	0	1	25	0	1
58	58	Multi-cluster intermediate	0.15	0.09	0	0	0	0	0	0	0	0	1	2	0	0
59	59	Multi-cluster intermediate	1.21	0.01	0	0	0	0	0	0	0	1	0	34	0	0
60	60	Multi-cluster intermediate	37.7	0.69	0	0	0	2	0	1	1	2	32	48	0	34
61	61	Multi-cluster intermediate	0.17	0.0799999999999999	0	0	0	0	0	0	0	0	1	1	0	0
62	62	Multi-cluster intermediate	0.1	0.0800000000000001	0	0	0	0	0	0	0	0	1	1	0	0
63	63	Multi-cluster intermediate	0.15	0.55	0	0	0	0	1	0	0	0	1	0	0	0
64	64	Multi-cluster intermediate	0.15	0.04	0	0	0	0	0	0	0	0	0	14	0	0
65	65	Multi-cluster intermediate	0.29	0.02	0	0	0	0	0	0	0	1	0	9	0	0
66	66	Multi-cluster intermediate	8.01	0.0499999999999999	0	0	0	0	0	0	1	7	1	36	0	0
67	67	Multi-cluster intermediate	1.45	0	0	0	0	0	0	0	0	1	0	67	0	0
68	68	Multi-cluster intermediate	8.01	0.03	0	0	0	0	0	0	0	10	0	23	0	0
69	69	Multi-cluster intermediate	2.87	0.09	0	0	0	0	0	0	2	0	0	25	0	0
70	70	Multi-cluster intermediate	2.88	1	0	0	0	1	0	0	1	1	33	14	0	0
71	71	Multi-cluster intermediate	12.21	0.01	0	0	0	0	0	0	13	0	1	2	0	0
72	72	Multi-cluster intermediate	2.8	0.03	0	0	0	0	0	0	0	2	0	31	0	0
73	73	Multi-cluster intermediate	20.1	1.01	0	0	0	3	0	1	19	0	19	9	0	0
74	74	Multi-cluster intermediate	3.06	0.15	0	0	0	0	0	0	0	8	0	18	0	0
75	75	Multi-cluster intermediate	9.96	0.77	0	0	0	2	1	0	8	1	11	5	0	0
76	76	Multi-cluster intermediate	5.22	0.3	0	0	0	0	0	0	0	9	8	3	0	0
77	77	Multi-cluster intermediate	0.2	0.4	0	0	0	0	0	0	0	0	3	3	0	0
78	78	Multi-cluster intermediate	0.64	0.2	0	0	0	0	0	0	0	0	8	0	0	0
79	79	Multi-cluster intermediate	0.53	0.35	0	0	0	1	0	0	0	0	2	6	0	0
80	80	Multi-cluster intermediate	0.34	0.34	0	0	0	0	1	0	0	0	2	5	0	0
81	81	Multi-cluster intermediate	2.77	0.14	0	0	0	0	0	0	3	1	7	0	0	0
82	82	Multi-cluster intermediate	0.7	0.03	0	0	0	0	0	0	0	0	0	12	2	0
83	83	Multi-cluster intermediate	10.89	0	0	0	0	0	0	0	11	0	0	16	0	0
84	84	Multi-cluster intermediate	0.82	0.0700000000000001	0	0	0	1	0	0	0	0	0	0	0	0
85	85	Multi-cluster intermediate	0.04	0.1	0	0	0	0	0	0	0	0	0	2	0	0
86	86	Multi-cluster intermediate	0.14	0	0	0	0	0	0	0	0	1	0	5	0	0
87	87	Multi-cluster intermediate	0.15	0.22	0	0	0	0	0	0	0	0	0	10	0	0
88	88	Multi-cluster intermediate	0.35	0.01	0	0	0	0	0	0	0	1	0	14	0	0
89	89	Multi-cluster intermediate	2.67	0.12	0	0	0	0	0	0	2	1	5	10	0	0
90	90	Multi-cluster intermediate	1.27	0.28	0	0	0	0	0	0	1	0	9	4	0	0
91	91	Multi-cluster intermediate	0.22	0.12	0	0	0	1	0	0	0	0	1	2	0	0
92	92	Multi-cluster intermediate	0.34	0.06	0	0	0	0	0	0	0	1	1	10	0	0
93	93	Multi-cluster intermediate	7.37	0.48	0	0	0	1	0	1	6	3	4	6	0	0
